categoria,nome,descricao,ingredients,preco,imagem,code,sortOrder,isActive,isAvailable,showInDelivery,showInDineIn,hasVariants,servingSize,portionInfo,modificadores,tags,upsellHints,channelNote
"RODIZIO PRESENCIAL","RODIZIO PRESENCIAL","RODIZIO : 99,00 POR PESSOA CRIANÇAS: ATÉ 5 ANOS NÃO PAGAM 6 Á 10 ANOS 49,90 *ENTRADAS* CEVICHE SUNOMONO SHIMEJI CANAPÉ DE SALMÃO HARUMAKI (ROLINHO PRIMAVERA QUEIJO) GUIOZA PASTELZINHO SHIMEJI PASTELZINHO QUEIJO *CARPACCIOS* CARPACCIO SALMÃO CARPACCIO TILÁPIA CARPACCIO SALMÃO COM MOLHO DE ERVAS *HOT HOLL* HOT HOLL HOT CRISPY *TEMAKIS* SALMÃO SALMÃO GRELHADO TEMAKI HOT HOLL SALMÃO SHIMEJI SHIMEJI SKIN CALIFÓRNIA *PRATOS QUENTES* CAMARÃO EMPANADO LULA DORÊ YAKISSOBA YAKIMESHI TEPPAN SALMÃO LULA A DORÊ MISSÔSHIRO FILÉZINHO GRATINADO *COMBO SUSHI* COMBINADO DE SUSHIS VARIADOS *SASHIMI* SALMÃO ATUM TILÁPIA SALMÃO FLAMBADO *JHOW* SALMÃO SALMÃO FLAMBADO PEPINO MARACUJÁ GELEIA OVAS *NIGUIRI* SALMÃO ATUM SALMÃO FLAMBADO KANI SKIN TILÁPIA *URAMAKI* SALMÃO SALMÃO GRELHADO ESPECIAL SKIN CALIFÓRNIA *HOSSOMAKI* SALMÃO PEPINO KANI *SOBREMESAS* HOT DOCE DE LEITE HOT CHOCOLATE BOLA DE SORVETE BANANA EMPANADA c/leite condensado e canela","","99","https://cdn.neemo.com.br/uploads/item/photo/2710303/photo1756325207.jpeg","","1","true","true","false","true","false","","","","","","presencial_only"
"FESTIVAL CAZZA (DELIVERY)","FESTIVAL CAZZA (DELIVERY)","Entradas: Sunomono Ceviche Pratos quentes: Yakisoba 01 Teppan de salmão 04 harumaki queijo 02 Guioza tiras de frango empanado Pratos frios: 02 temaki (cru ou grelhado) 10 sashimi salmão 05 uramaki salmão 05 hossomaki salmão 02 niguiri salmão 02 niguiri cazza 02 niguiri skin 12 hot roll Sobremesa: Banana empanada com leite condensado polvilhada com canela","","199","https://cdn.neemo.com.br/uploads/item/photo/970292/photo1724225413.jpeg.webp","","1","true","true","true","true","true","","","[Opcional] Escolha sua opção: Salmão Cru / Salmão Grelhado","","",""
"ENTRADAS","Ceviche","Peixe branco cortado em cubos marinado no suco de limão, cebola roxa, pimenta e cebolinha.","","62.9","https://cdn.neemo.com.br/uploads/item/photo/970279/325125_original.jpg","","1","true","true","true","true","false","","","","","",""
"ENTRADAS","Carpaccio de Salmão (20 Lâminas)","20 lâminas de salmão finas regadas ao molho a base de shoyu, limão e cebolinha.","","72","https://cdn.neemo.com.br/uploads/item/photo/970280/c9996acd834cbeaf810bc257183b72a7.jpg","","2","true","true","true","true","false","","20 lâminas","","","",""
"ENTRADAS","Sunomono","Típica salada de pepino oriental agridoce.","","24","https://cdn.neemo.com.br/uploads/item/photo/970283/sunomono.jpg","","3","true","true","true","true","false","","","","","",""
"ENTRADAS","Shimeji","Cogumelos salteados na manteiga, shoyu e cobinha.","","30","https://cdn.neemo.com.br/uploads/item/photo/970281/SHIMEJI.jpg","","4","true","true","true","true","false","","","","","",""
"ENTRADAS","Guioza (06 Unidades)","","","28","https://cdn.neemo.com.br/uploads/item/photo/970286/68bf0ef705a832e831c27dc5083235f5.jpg","","5","true","true","true","true","false","","06 unidades","","","",""
"ENTRADAS","Harumaki de Queijo (05 Unidades)","Famoso rolinho primavera da cozinha oriental.","","29.9","https://cdn.neemo.com.br/uploads/item/photo/970285/HARUMAKI.jpg","","6","true","true","true","true","false","","05 unidades","","","",""
"COMBOS","COMBO AYANE","02 Temaki (Cru Ou Grelhado) 06 Sashimi Salmão 05 Uramaki Salmão 06 Hot Holl 02 Niguiri 02 Jhow","","132.9","https://cdn.neemo.com.br/uploads/item/photo/2551663/photo1732344546.jpeg.webp","","1","true","true","true","true","true","2","","[Opcional] Escolha sua opção: Salmão Cru / Salmão Grelhado","","",""
"COMBOS","Combo 1 (32 Unidades)","12 hot roll 05 niguiri salmão flambado 05 uramaki salmão grelhado 05 hossomaki kani 05 batera de salmão grelhado","","82.9","https://cdn.neemo.com.br/uploads/item/photo/970751/photo1724224627.jpeg.webp","","2","true","true","true","true","false","2","32 unidades","","","",""
"COMBOS","Combo 2 (18 Unidades)","06 hot roll 05 hossomaki salmão 05 hossomaki kani 02 niguiri salmão","","47.9","https://cdn.neemo.com.br/uploads/item/photo/970752/ifood_38.jpg","","3","true","true","true","true","false","1","18 unidades","","","",""
"COMBOS","Combo Temaki + Hot + Refri","01Temaki salmão (cru ou grelhado) 06 hot roll Refri 350ml","","58.9","https://cdn.neemo.com.br/uploads/item/photo/970442/photo1724224710.jpeg.webp","","4","true","true","true","true","true","1","","[Opcional] Escolha sua opção: Salmão Cru / Salmão Grelhado","","",""
"COMBOS","Combo Flambado (21 Unidades)","06 niguiri salmão flambado 04 jhow salmão flambado 06 hot roll 05 uramaki salmão grelhado","","72.9","https://cdn.neemo.com.br/uploads/item/photo/970441/photo1724224834.jpeg.webp","","5","true","true","true","true","false","2","21 unidades","","","",""
"COMBOS","COMBO AKEMI","02 TEMAKIS (CRU OU GRELHADO) 05 URAMAKIS SALMÃO","","72.9","https://cdn.neemo.com.br/uploads/item/photo/2504179/photo1726637627.jpeg.webp","","6","true","true","true","true","false","1","","","","",""
"COMBOS","COMBO MINAMI","05 SASHIMI SALMÃO 02 NIGUIRI SALMÃO 02 JHOW SALMÃO 5 URAMAKI SALMÃO","","58.9","https://cdn.neemo.com.br/uploads/item/photo/2504178/photo1726637522.jpeg.webp","","7","true","true","true","true","false","1","","","","",""
"COMBOS","Combo Só Salmão (30 Unidades)","06 sashimi salmão 04 niguiri salmão 04 johw salmão 05 batera de salmão 05 uramaki salmão 06 hot roll","","122.9","https://cdn.neemo.com.br/uploads/item/photo/970748/photo1724224670.jpeg.webp","","8","true","true","true","true","false","2","30 unidades","","","",""
"COMBOS","Combo Hot (51 Unidades)","30 hot roll 06 hot roll especial 05 uramaki salmão grelhado 04 niguiri salmão flambado 06 jhow flambado","","155","https://cdn.neemo.com.br/uploads/item/photo/970756/photo1724224527.jpeg.webp","","9","true","true","true","true","false","4","51 unidades","","","",""
"COMBOS","Combo Cazza (53 Unidades)","12 hot roll 10 sashimi salmão 05 hossomaki salmão 05 uramaki salmão 05 uramaki salmão especial 04 niguiri cazza 04 niguiri salmão 04 batera salmão 02 jhow salmão 02 jhow geleia","","192","https://cdn.neemo.com.br/uploads/item/photo/970754/photo1724224582.jpeg.webp","","10","true","true","true","true","false","4","53 unidades","","","",""
"PRATOS QUENTES","Gohan","Arroz japonês.","","26","https://cdn.neemo.com.br/uploads/item/photo/970303/photo1726638153.jpeg.webp","","1","true","true","true","true","false","","","","","",""
"PRATOS QUENTES","Yakisoba Carne e Frango","","","54","https://cdn.neemo.com.br/uploads/item/photo/970384/photo1724224922.jpeg.webp","","2","true","true","true","true","false","1","","","","",""
"PRATOS QUENTES","Teppan de Salmão","Posta de salmão grelhado acompanhado de legumes na manteiga e Gohan (arroz japonês) ou arroz brasileiro.","","76","https://cdn.neemo.com.br/uploads/item/photo/970382/photo1724224960.jpeg.webp","","3","true","true","true","true","true","1","","[Obrigatório] Escolha o arroz: Arroz Brasileiro / Gohan (Arroz Japonês)","","",""
"PRATOS QUENTES","Salmão á Camarão","Posta de salmão grelhado com camarões regados ao molho de cebola, alcaparras e tomate cereja, acompanhado de purê de batata e Gohan (arroz japonês) ou arroz brasileiro.","","125","https://cdn.neemo.com.br/uploads/item/photo/970380/photo1724225023.jpeg.webp","","4","true","true","true","true","true","1","","[Obrigatório] Escolha o arroz: Arroz Brasileiro / Gohan (Arroz Japonês)","","",""
"PRATOS QUENTES","Salmão ao Molho de Requeijão","Posta de salmão grelhado regado ao molho de requeijão acompanhado de purê de batata e Gohan (arroz) ou arroz brasileiro.","","85","https://cdn.neemo.com.br/uploads/item/photo/970377/photo1724225082.jpeg.webp","","5","true","true","true","true","true","1","","[Obrigatório] Escolha o arroz: Arroz Brasileiro / Gohan (Arroz Japonês)","","",""
"PRATOS QUENTES","YAKISOBA DE CAMARÃO","YAKISOBA DE CAMARÃO","","82","https://cdn.neemo.com.br/uploads/item/photo/2637650/photo1756207676.jpeg.webp","","6","true","true","true","true","false","1","","","","",""
"PRATOS QUENTES","Yakissoba Especial","Yakisoba Carne, Frango e Camarão","","74","https://cdn.neemo.com.br/uploads/item/photo/2351451/photo1724224389.jpeg.webp","","7","true","true","true","true","false","1","","","","",""
"PRATOS QUENTES","Yakissoba Frutos do Mar","Yakisoba fetio com camarão, lula e molho de ostras","","82","https://cdn.neemo.com.br/uploads/item/photo/2483441/photo1724222384.jpeg.webp","","8","true","true","true","true","false","1","","","","",""
"PRATOS QUENTES","Yakimeshi","Yakimeshi","","32.9","https://cdn.neemo.com.br/uploads/item/photo/2433692/photo1720111023.jpeg.webp","","9","true","true","true","true","false","1","","","","",""
"PRATOS QUENTES","FETUCCINE SALMÃO","FETUCCINE BASÍLICO COM POSTA DE SALMÃO GRELHADO","","82","https://cdn.neemo.com.br/uploads/item/photo/2551668/photo1732349913.jpeg.webp","","10","true","true","true","true","false","1","","","","",""
"PRATOS QUENTES","FETUCCINE BASÍLICO","Fetuccine De Massa Fresca Refogado Com Alho, Tomate Cereja E Manjericão. Finalizado Mcom Azeite E Parmesão","","42","https://cdn.neemo.com.br/uploads/item/photo/2551667/photo1732349754.jpeg.webp","","11","true","true","true","true","false","1","","","","",""
"PRATOS QUENTES","TEPPAN PICANHA","02 STEAK DE PICANHA SERVIDO COM LEGUMES SALTEADOS NA MANTEIGA E ARROZ","","69.9","https://cdn.neemo.com.br/uploads/item/photo/2504173/photo1732342042.jpeg.webp","","12","true","true","true","true","false","1","","","","",""
"PRATOS QUENTES","SAINT PETER CAMARONÊ","FILÉ DE SAINT PETER EMPANADO ENVOLTO COM MOLHO DE CAMARÃO , COM PURE DE BATATAS E ARROZ","","76","https://cdn.neemo.com.br/uploads/item/photo/2504172/photo1726757055.jpeg.webp","","13","true","true","true","true","false","1","","","","",""
"PRATOS QUENTES","MIGNON FETUCCINE","02 MEDALHÕES DE MIGNON GRELHADOS COM FETUCCINE DE MASSA FRESCA AO MOLHO ALFREDO. FINALIZADO COM PARMESÃO E AZEITE","","85","https://cdn.neemo.com.br/uploads/item/photo/2504171/photo1726757108.jpeg.webp","","14","true","true","true","true","false","1","","","","",""
"PRATOS QUENTES","FETUCCINE Á CAMARÃO LIMONE","CAMARÕES TEMPERADOS COM ERVAS SALTEADO NO AZEITE COM FETUCCINE DE MASSA FRESCA AO MOLHO DE LIMÃO SICILIANO","","72","https://cdn.neemo.com.br/uploads/item/photo/2504170/photo1726757137.jpeg.webp","","15","true","true","true","true","false","1","","","","",""
"LÁMEN","LÁMEN KARE","Pasta de soja, macarrão, karê, carne de porco, ovo, nori e cebolinha.","","44.9","https://cdn.neemo.com.br/uploads/item/photo/2695512/photo1756187706.jpeg.webp","","1","true","true","true","true","false","1","","","","",""
"LÁMEN","LÁMEN MISSÔ","Pasta de soja, macarrão, nori, carne de porco, ovo, milho, moyashi e cebolinha.","","44.9","https://cdn.neemo.com.br/uploads/item/photo/2695511/photo1756207404.jpeg.webp","","2","true","true","true","true","false","1","","","","",""
"LÁMEN","LÁMEN SHOYU","Macarrão, molho de soja, carne de porco, wakamê, nori, ovo, moyashi e cebolinha","","42.9","https://cdn.neemo.com.br/uploads/item/photo/2695497/photo1756207720.jpeg.webp","","3","true","true","true","true","false","1","","","","",""
"PORÇÕES","Isca de Tilápia","Iscas de tilápia empanado da farinha panko, acompanhado do molho da casa.","","62.9","https://cdn.neemo.com.br/uploads/item/photo/970296/WhatsApp_Image_2021-05-19_at_14.28.21__2_.jpeg","","1","true","true","true","true","false","2","","","","",""
"PORÇÕES","Camarão Empanado","Camarões empanados na farinha panko, acompanhado do molho da casa.","","90","https://cdn.neemo.com.br/uploads/item/photo/2483468/WhatsApp_Image_2021-05-19_at_14.webp","","2","true","true","true","true","false","2","","","","",""
"PORÇÕES","LULA Á DORÊ","Anéis de lula empanado da farinha panko, acompanhado do molho da casa.","","72.9","https://cdn.neemo.com.br/uploads/item/photo/2438265/photo1724222424.jpeg","","3","true","true","true","true","false","2","","","","",""
"PORÇÕES","Frango Empanado","Tiras de frango empanado da farinha panko, acompanhado do molho da casa.","","50","https://cdn.neemo.com.br/uploads/item/photo/2483458/WhatsApp_Image_2021-05-19_at_14.webp","","4","true","true","true","true","false","2","","","","",""
"CAZZA HOT","CAZZA HOT SALMÂO CRU","Hot empanado na farinha panko e recheio de cream cheese, cortado ao meio e coberto por salmão cru misturado no cream cheese e finalizado com molho taré, celolinha e gergilim","","54.9","https://cdn.neemo.com.br/uploads/item/photo/2483486/photo1709854584.jpeg.webp","","1","true","true","true","true","false","1","","","","",""
"CAZZA HOT","CAZZA HOT SALMÃO GRELHADO","Hot empanado na farinha panko e recheio de cream cheese, cortado ao meio e coberto por salmão grelhado misturado no cream cheese e finalizado com molho taré, celolinha e gergilim","","54.9","https://cdn.neemo.com.br/uploads/item/photo/2303064/photo1709854709.jpeg.webp","","2","true","true","true","true","false","1","","","","",""
"CAZZA HOT","CAZZA BURGUER SALMÃO","Nosso delicioso arroz misturado com cream cheese empanado na farinha Panko, recheado com salmão cru, cream cheese e finalizado com molho de pimenta doce (sweet chilli) e cebolinha","","54.9","https://cdn.neemo.com.br/uploads/item/photo/2364982/photo1713996122.jpeg.webp","","3","true","true","true","true","false","1","","","","",""
"HOT ROLL","Hot Roll (06 Unidades)","Sushi de salmão grelhado empanado finalizado com cream cheese, cebolinha e tarê.","","29.9","https://cdn.neemo.com.br/uploads/item/photo/2483445/ifood_50.webp","","1","true","true","true","true","false","1","06 unidades","","","",""
"HOT ROLL","Hot Roll (12 Unidades)","Sushi de salmão grelhado empanado finalizado com cream cheese, cebolinha e tarê.","","39.9","https://cdn.neemo.com.br/uploads/item/photo/970428/ifood_50.jpg","","2","true","true","true","true","false","2","12 unidades","","","",""
"HOT ROLL","HOT ROLL ESPECIAL (06 UNIDADES)","Sushi de salmão grelado empanado com cobertura de salmão grelhado finalizado com cream cheese, cebolinha e tarê","","39.9","https://cdn.neemo.com.br/uploads/item/photo/2551669/photo1732350463.jpeg.webp","","3","true","true","true","true","false","1","06 unidades","","","",""
"HOT ROLL","Hot Roll Especial (12 Unidades)","Sushi de salmão grelhado empanado com cobertura de salmão grelhado finalizado com cream cheese, cebolinha e tarê.","","54.9","https://cdn.neemo.com.br/uploads/item/photo/970427/download__7_.jpg","","4","true","true","true","true","false","2","12 unidades","","","",""
"HOT ROLL","HOT CRISPY (06 UNIDADES)","Sushi de salmão grelado empanado finalizado com cream cheese, crispy de couve, cebolinha e tarê","","32.9","https://cdn.neemo.com.br/uploads/item/photo/2483474/photo1704404283.jpeg.webp","","5","true","true","true","true","false","1","06 unidades","","","",""
"HOT ROLL","HOT CRISPY (12 UNIDADES)","Sushi de salmão grelado empanado finalizado com cream cheese, crispy de couve, cebolinha e tarê","","42","https://cdn.neemo.com.br/uploads/item/photo/2483473/photo1704404228.jpeg.webp","","6","true","true","true","true","false","2","12 unidades","","","",""
"HOT ROLL","HOT ROLL DOCE DE LEITE (08 UNIDADES)","08 unidades de hot roll de banana com cobertura de doce de leite polvilhado com canela","","28.9","https://cdn.neemo.com.br/uploads/item/photo/2551673/photo1732350879.jpeg.webp","","7","true","true","true","true","false","1","08 unidades","","","",""
"HOT ROLL","HOT ROLL NUTELLA (08 UNIDADES)","08 unidades de hot roll de banana com cobertura de Nutella","","28.9","https://cdn.neemo.com.br/uploads/item/photo/2551674/photo1732351002.jpeg.webp","","8","true","true","true","true","false","1","08 unidades","","","",""
"POKE","POKE FRY","BASE DE ARROZ COBERTA COM SALMÃO EM CUBOS EMPANADOS E FRITOS COM CREAM CHEESE E CEBOLINHA, MANGA, SUNOMONO E TOMATE CEREJA","","48.9","https://cdn.neemo.com.br/uploads/item/photo/2770750/photo1772587458.jpeg.webp","","1","true","true","true","true","false","1","","","","",""
"POKE","POKE SHIMEJI","Base de arroz coberto com shimeji, Sunomono, cream cheese, manga, tomate cereja e crispy de couve","","42.9","https://cdn.neemo.com.br/uploads/item/photo/2710906/photo1756356069.jpeg.webp","","2","true","true","true","true","false","1","","","","",""
"POKE","Poke Salmão Grelhado","Base de arroz coberta com salmão grelhado com cream cheese e cebolinha , manga, sunomono e tomate cereja","","48.9","https://cdn.neemo.com.br/uploads/item/photo/2483483/photo1678900166.jpeg.webp","","3","true","true","true","true","false","1","","","","",""
"POKE","Poke Salmão cream","Base de arroz coberta com salmão cru com cream cheese e cebolinha, manga, sunomono e tomate cereja","","48.9","https://cdn.neemo.com.br/uploads/item/photo/2483477/photo1756350773.jpeg.webp","","4","true","true","true","true","false","1","","","","",""
"TEMAKIS","TEMAKI SKIN","Skin (pele de salmão frita), cream cheese e cebolinha","","32.9","https://cdn.neemo.com.br/uploads/item/photo/2711095/photo1756430337.jpeg.webp","","1","true","true","true","true","false","1","","","","",""
"TEMAKIS","Temaki Salmão Cru","Salmão cru cortado em cubos, cream cheese e cebolinha.","","42.9","https://cdn.neemo.com.br/uploads/item/photo/970350/ifood_95.jpg","","2","true","true","true","true","false","1","","","","",""
"TEMAKIS","TEMAKI SALMÃO SHIMEJI","Salmão cru cortado em cubos, com shimeji, cream cheese e cebolinha","","44.9","https://cdn.neemo.com.br/uploads/item/photo/2551665/photo1732347711.jpeg.webp","","3","true","true","true","true","false","1","","","","",""
"TEMAKIS","Temaki Salmão Grelhado","Salmão grelhado, cream cheese e cebolinha.","","42.9","https://cdn.neemo.com.br/uploads/item/photo/970349/download__5_.jpg","","4","true","true","true","true","false","1","","","","",""
"TEMAKIS","Temaki Hot Roll","Temaki de salmão grelhado empando, cream cheese, cebolinha e tarê.","","46.9","https://cdn.neemo.com.br/uploads/item/photo/970341/photo1724225345.jpeg.webp","","5","true","true","true","true","false","1","","","","",""
"TEMAKIS","Temaki Salmão Cazza","Cubos de salmão empanado, cream cheese, cebolinha e tarê.","","46.9","https://cdn.neemo.com.br/uploads/item/photo/970343/photo1724225304.jpeg.webp","","6","true","true","true","true","false","1","","","","",""
"TEMAKIS","TEMAKI HAKONE","TEMAKI DE SALMÃO EMPANADO COM CAMARÃO COM CREAM CHEESE , CEBOLINHA, GERGELIM","","54.9","https://cdn.neemo.com.br/uploads/item/photo/2504177/photo1726637332.jpeg.webp","","7","true","true","true","true","false","1","","","","",""
"TEMAKIS","Temaki Nacho","Salmão cru com cream cheese, nachos (Doritos), e cebolinha","","44.9","https://cdn.neemo.com.br/uploads/item/photo/2351452/photo1712960053.jpeg.webp","","8","true","true","true","true","false","1","","","","",""
"TEMAKIS","Temaki Califórnia","Manga peino e kani.","","28.9","https://cdn.neemo.com.br/uploads/item/photo/970348/5efe07ad-6dc8-4cad-b60c-2a9aac1e01b4.jpg","","9","true","true","true","true","false","1","","","","",""
"TEMAKIS","TEMAKI SHIMEJI","Shimeji, cream cheese e cebolinha","","36.9","https://cdn.neemo.com.br/uploads/item/photo/2551664/photo1732347601.jpeg.webp","","10","true","true","true","true","false","1","","","","",""
"TEMAKIS","TEMAKI EBI FRY","CAMARÃO EMPANADO COM CREAM CHEESE E CEBOLINHA","","54.9","https://cdn.neemo.com.br/uploads/item/photo/2551666/photo1732348661.jpeg.webp","","11","true","true","true","true","false","1","","","","",""
"TEMAKIS","TEMAKI EBI","CAMARÃO COZIDO COM CREAM CHEESE, CEBOLINHA E GERGELIM","","48.9","https://cdn.neemo.com.br/uploads/item/photo/2504181/photo1731547418.jpeg.webp","","12","true","true","true","true","false","1","","","","",""
"TEMAKIS","TEMAKI SALMÃO EBI","SALMÃO CRU EM CUBOS COM CAMARÕES COZIDOS COM CREAM CHEESE, CEBOLINHA E GERGELIM","","54.9","https://cdn.neemo.com.br/uploads/item/photo/2504176/photo1726637063.jpeg.webp","","13","true","true","true","true","false","1","","","","",""
"JHOW","Jhow Salmão (06 Unidades)","Arroz envolto por fatia fina de salmão, com cobertura de salmão, cream cheese e cebolinha.","","30.9","https://cdn.neemo.com.br/uploads/item/photo/2483449/ifood_1__1_.webp","","1","true","true","true","true","false","1","06 unidades","","","",""
"JHOW","Jhow Geleia (06 Unidades)","Arroz envolto por fatia fina de salmão, com cobertura de geléia de morango e cream cheese.","","30.9","https://cdn.neemo.com.br/uploads/item/photo/2483448/download__3_.webp","","2","true","true","true","true","false","1","06 unidades","","","",""
"JHOW","Jhow Salmão Flambado (06 Unidades)","Arroz envolto por fatia fina de salmão maçaricado com cobertura de salmão grelhado, cream cheese e cebolinha.","","30.9","https://cdn.neemo.com.br/uploads/item/photo/970324/264a7a68-2ed7-4b07-81fd-50958a8836fe-1611320198005.png","","3","true","true","true","true","false","1","06 unidades","","","",""
"SASHIMIS","Sashimi Salmão (10 Unidades)","10 lâminas de salmão cru.","","68.9","https://cdn.neemo.com.br/uploads/item/photo/970353/photo1724225202.jpeg.webp","","1","true","true","true","true","false","2","10 unidades","","","",""
"SASHIMIS","Sashimi Salmão Flambado (10 Unidades)","10 lâminas de salmão flambado na pedra de sal","","68.9","https://cdn.neemo.com.br/uploads/item/photo/970352/photo1724225257.jpeg.webp","","2","true","true","true","true","false","2","10 unidades","","","",""
"NIGUIRI","Niguiri Salmão (06 Unidades)","Bolinho de arroz coberto com lâmina de salmão.","","30.9","https://cdn.neemo.com.br/uploads/item/photo/2483451/ifood_12.webp","","1","true","true","true","true","false","1","06 unidades","","","",""
"NIGUIRI","Niguiri Salmão Flambado (06 Unidades)","Bolinho de arroz coberto com lâmina de salmão flambado.","","30.9","https://cdn.neemo.com.br/uploads/item/photo/2483450/WhatsApp_Image_2021-05-19_at_14.webp","","2","true","true","true","true","false","1","06 unidades","","","",""
"NIGUIRI","Niguiri Cazza (06 Unidades)","Bolinho de arroz coberto com lâmina de salmão empando com cream cheese, geleia de pimenta e cebolinha.","","32.9","https://cdn.neemo.com.br/uploads/item/photo/2483452/photo1712803347.jpeg.webp","","3","true","true","true","true","false","1","06 unidades","","","",""
"URAMAKI","Uramaki de Salmão (10 Unidades)","Sushi enrolado com arroz na parte externa e gergelim torrado, recheado de salmão cru e cream cheese.","","36.9","https://cdn.neemo.com.br/uploads/item/photo/2483466/ifood_18.webp","","1","true","true","true","true","false","1","10 unidades","","","",""
"URAMAKI","Uramaki de Salmão Grelhado (10 Unidades)","Sushi enrolado com arroz na parte externa e gergelim torrado, recheado de salmão grelhado e cream cheese.","","36.9","https://cdn.neemo.com.br/uploads/item/photo/2483463/images.webp","","2","true","true","true","true","false","1","10 unidades","","","",""
"URAMAKI","Uramaki de Salmão Especial (10 Unidades)","Sushi enrolado com arroz na parte externa e gergelim torrado, recheado de salmão cru e cream cheese, envolto de lâmina de salmão cru.","","40.9","https://cdn.neemo.com.br/uploads/item/photo/2483462/WhatsApp_Image_2021-05-19_at_14.webp","","3","true","true","true","true","false","1","10 unidades","","","",""
"URAMAKI","Uramaki Cazza (10 Unidades)","Sushi enrolado com arroz na parte externa e gergelim torrado, recheado de salmão empanado, cream cheese e geleia de pimenta.","","38.9","https://cdn.neemo.com.br/uploads/item/photo/2483467/Uramaki.webp","","4","true","true","true","true","false","1","10 unidades","","","",""
"URAMAKI","MORANGUME","Sushi enrolado com arroz na parte externa e gergelim torrado, recheado de salmão cru com morango e cream cheese","","40.9","https://cdn.neemo.com.br/uploads/item/photo/2551662/photo1732342823.jpeg.webp","","5","true","true","true","true","false","1","10 unidades","","","",""
"URAMAKI","Uramaki Califórnia (10 Unidades)","Sushi enrolado com arroz na parte externa e gergelim torrado, recheado de maga, pepino e kani.","","30.9","https://cdn.neemo.com.br/uploads/item/photo/2483461/sushi-hokkai.webp","","6","true","true","true","true","false","1","10 unidades","","","",""
"HOSSOMAKI","Hossomaki de pepino (10 unidades )","Sushi enrolado com arroz na parte interna recheado de pepino","","20","https://cdn.neemo.com.br/uploads/item/photo/2436773/photo1720111994.jpeg.webp","","1","true","true","true","true","false","1","10 unidades","","","",""
"HOSSOMAKI","Hossomaki de Salmão (10 Unidades)","Sushi enrolado com arroz na parte interna recheado de salmão cru.","","24","https://cdn.neemo.com.br/uploads/item/photo/970316/download__1_.jpg","","2","true","true","true","true","false","1","10 unidades","","","",""
"HOSSOMAKI","Hossomaki de Kani (10 Unidades)","Sushi enrolado com arroz na parte interna recheado de kani.","","24","https://cdn.neemo.com.br/uploads/item/photo/970315/WhatsApp_Image_2021-05-19_at_14.28.21__4_.jpeg","","3","true","true","true","true","false","1","10 unidades","","","",""
"SOBREMESAS","BANANA EMPANADA","BANANA EMPANADA","","26.9","https://cdn.neemo.com.br/uploads/item/photo/2486770/photo1724816650.jpeg","","1","true","true","false","true","false","","","","","","presencial_only"
"SOBREMESAS","TAÇA MERENGUE","TAÇA MERENGUE","","34.9","https://cdn.neemo.com.br/uploads/item/photo/2486768/photo1756208261.jpeg","","2","true","true","false","true","false","","","","","","presencial_only"
"SOBREMESAS","TAÇA NUTELLA","TAÇA NUTELLA","","38.9","https://cdn.neemo.com.br/uploads/item/photo/2486767/photo1724816049.jpeg","","3","true","true","false","true","false","","","","","","presencial_only"
"SOBREMESAS","TAÇA BANOFFEE","TAÇA BANOFFEE","","30.9","https://cdn.neemo.com.br/uploads/item/photo/2486766/photo1756208324.jpeg","","4","true","true","false","true","false","","","","","","presencial_only"
"BEBIDAS","COCA ZERO 2 LITROS (APENAS DELIVERY)","APENAS PARA DELIVERY !","","20","https://cdn.neemo.com.br/uploads/item/photo/2770743/photo1772583500.jpeg.webp","","1","true","true","true","false","false","","2 litros","","","",""
"BEBIDAS","Água","","","7","https://cdn.neemo.com.br/uploads/item/photo/970902/Agua.jpg","","2","true","true","true","true","false","","","","","",""
"BEBIDAS","Água c/ Gás","","","8","https://cdn.neemo.com.br/uploads/item/photo/970900/Agua-c-g_s.jpg","","3","true","true","true","true","false","","","","","",""
"BEBIDAS","REFRIGERANTE 350 ml","REFRIGERANTES 350 ml","","10.9","https://cdn.neemo.com.br/uploads/item/photo/2436286/photo1720103827.jpeg.webp","","4","true","true","true","true","true","","350 ml","[Obrigatório] REFRIGERANTE: ÁGUA TÔNICA R$10,90 / COCA COLA R$10,90 / GUARANA R$10,90 / SCHWEPPES R$10,90 / COCA COLA ZERO R$10,90 / GUARANA ZERO R$10,90 / FANTA UVA R$10,90 / FANTA LARANJA R$10,90 / H2OH R$13,90","","",""
"BEBIDAS","SUCOS NATURAIS","","","14.9","https://cdn.neemo.com.br/uploads/item/photo/2436761/photo1720109634.jpeg","","5","true","true","true","true","true","","","[Obrigatório] SUCO NATURAL: LARANJA R$14,90 / LARANJA COM MORANGO R$16,90 / LARANJA COM ACEROLA R$16,90 / LIMÃO R$14,90 / MORANGO R$14,90 / MARACUJÁ R$14,90 / ABACAXI R$14,90","","",""
"BEBIDAS","ICE TEA RED FRUITS","CHÁ GELADO COM FRUTAS VERMELHAS","","22","https://cdn.neemo.com.br/uploads/item/photo/2486771/photo1724817008.jpeg","","6","true","true","false","true","false","","","","","","presencial_only"
"BEBIDAS","CAIPIRNHAS SAQUÊ / VODKA","","","23","https://cdn.neemo.com.br/uploads/item/photo/2436769/photo1720110895.jpeg","","7","true","true","true","true","true","","","[Obrigatório] CAIPIRINHA: LIMÃO R$23,00 / FRUTAS VERMELHAS R$28,00 / MORANGO R$23,00 / MARACUJÁ R$23,00 / ABACAXI R$23,00","","",""
"BEBIDAS","SODA ITALIANA","CONSULTAR SABORES COM O GARÇOM","","18","https://cdn.neemo.com.br/uploads/item/photo/2710302/photo1756212500.jpeg","","8","true","true","false","true","false","","","","","","presencial_only"
"BEBIDAS","VINHOS","CONSULTAR COM O GARÇOM:","","0","https://cdn.neemo.com.br/uploads/item/photo/2710301/photo1756212290.jpeg","","9","true","true","true","true","false","","","","","",""
"BEBIDAS","CERVEJAS LONG NECK 330ML","","","12","https://cdn.neemo.com.br/uploads/item/photo/2438198/photo1720205449.jpeg.webp","","10","true","true","true","true","true","","330 ml","[Obrigatório] CERVEJAS: HEINEKEN R$14,00 / CORONA R$14,00 / BUDWEISER R$12,00 / STELLA R$12,00 / HEINEKEN ZERO R$12,00","","",""
"BEBIDAS","GIN TROPICAL","GIN, FRUTAS CÍTRICAS E ENERGÉTICO TROPICAL","","34.9","https://cdn.neemo.com.br/uploads/item/photo/2710298/photo1756211718.jpeg","","11","true","true","false","true","false","","","","","","presencial_only"
"BEBIDAS","GIN RED FRUIT","GIN, XAROPE DE MORANGO, FRUTAS VERMELHAS E ESPUMA DE LIMÃO SICILIANO","","36.9","https://cdn.neemo.com.br/uploads/item/photo/2710296/photo1756210515.jpeg","","12","true","true","false","true","false","","","","","","presencial_only"
"BEBIDAS","Coca Cola 2L (APENAS DELIVERY)","Coca Cola 2l","","18","https://cdn.neemo.com.br/uploads/item/photo/1886202/200.webp","","13","true","true","true","false","false","","2 litros","","","",""
"MOLHO, EXTRA E HASHI","GENGIBRE","GENGIBRE EM CONSERVA 30 ML","","2","https://cdn.neemo.com.br/uploads/item/photo/2710903/photo1756347464.jpeg.webp","","1","true","true","true","true","false","","30 ml","","","",""
"MOLHO, EXTRA E HASHI","WASABI","WASABI 30 ML","","4","https://cdn.neemo.com.br/uploads/item/photo/2710902/photo1756346428.jpeg.webp","","2","true","true","true","true","false","","30 ml","","","",""
"MOLHO, EXTRA E HASHI","HASHI","01 UNIDADE HASHI","","0.9","https://cdn.neemo.com.br/uploads/item/photo/2710901/photo1756346231.jpeg.webp","","3","true","true","true","true","false","","1 unidade","","","",""
"MOLHO, EXTRA E HASHI","ADAPTADOR HASHI","01 UNIDADE ADAPTADOR","","0.5","https://cdn.neemo.com.br/uploads/item/photo/2710900/photo1756346131.jpeg.webp","","4","true","true","true","true","false","","1 unidade","","","",""
"MOLHO, EXTRA E HASHI","AGRIDOCE SACHÊ","03 UNIDADES AGRIDOCE SACHÊ","","3.5","https://cdn.neemo.com.br/uploads/item/photo/2710899/photo1756345778.jpeg.webp","","5","true","true","true","true","false","","3 unidades","","","",""
"MOLHO, EXTRA E HASHI","TARÊ SACHÊ","03 UNIDADES TARÊ SACHÊ","","3.5","https://cdn.neemo.com.br/uploads/item/photo/2710898/photo1756345690.jpeg.webp","","6","true","true","true","true","false","","3 unidades","","","",""
"MOLHO, EXTRA E HASHI","SHOYU SACHÊ","03 UNIDADES SHOYU SACHÊ","","2.5","https://cdn.neemo.com.br/uploads/item/photo/2710897/photo1756345584.jpeg.webp","","7","true","true","true","true","false","","3 unidades","","","",""
"MOLHO, EXTRA E HASHI","TARÊ ARTESANAL","Molho Tarê 30ML","","8","https://cdn.neemo.com.br/uploads/item/photo/2483470/photo1713999263.jpeg.webp","","8","true","true","true","true","false","","30 ml","","","",""
"MOLHO, EXTRA E HASHI","SWEET CHILLI","(SWEET CHILLI) 30ml","","7.5","https://cdn.neemo.com.br/uploads/item/photo/2365057/photo1713999572.jpeg.webp","","9","true","true","true","true","false","","30 ml","","","",""
"MOLHO, EXTRA E HASHI","CREAM CHEESE 30 ML","CREAM CHEESE","","8","https://cdn.neemo.com.br/uploads/item/photo/2365056/photo1713999404.jpeg.webp","","10","true","true","true","true","false","","30 ml","","","",""
